{
  "info": {
    "name": "Mini LMS API",
    "schema": "https://schema.getpostman.com/json/collection/v2.1.0/collection.json"
  },
  "item": [
    {
      "name": "Add Employee",
      "request": {
        "method": "POST",
        "header": [
          {
            "key": "Content-Type",
            "value": "application/json"
          }
        ],
        "url": {
          "raw": "http://localhost:8080/employees",
          "protocol": "http",
          "host": [
            "localhost"
          ],
          "port": "8080",
          "path": [
            "employees"
          ]
        },
        "body": {
          "mode": "raw",
          "raw": "{\"name\": \"Asha Singh\", \"email\": \"asha@example.com\", \"department\": \"Engineering\", \"joiningDate\": \"2025-08-20\"}"
        }
      }
    },
    {
      "name": "Apply Leave",
      "request": {
        "method": "POST",
        "header": [
          {
            "key": "Content-Type",
            "value": "application/json"
          }
        ],
        "url": {
          "raw": "http://localhost:8080/leaves/apply",
          "protocol": "http",
          "host": [
            "localhost"
          ],
          "port": "8080",
          "path": [
            "leaves",
            "apply"
          ]
        },
        "body": {
          "mode": "raw",
          "raw": "{\"employeeId\": 1, \"startDate\": \"2025-09-01\", \"endDate\": \"2025-09-03\", \"reason\": \"Family event\"}"
        }
      }
    },
    {
      "name": "Approve Leave",
      "request": {
        "method": "POST",
        "url": {
          "raw": "http://localhost:8080/leaves/1/approve",
          "protocol": "http",
          "host": [
            "localhost"
          ],
          "port": "8080",
          "path": [
            "leaves",
            "1",
            "approve"
          ]
        }
      }
    },
    {
      "name": "Reject Leave",
      "request": {
        "method": "POST",
        "url": {
          "raw": "http://localhost:8080/leaves/2/reject?reason=busy%20period",
          "protocol": "http",
          "host": [
            "localhost"
          ],
          "port": "8080",
          "path": [
            "leaves",
            "2",
            "reject"
          ],
          "query": [
            {
              "key": "reason",
              "value": "busy period"
            }
          ]
        }
      }
    },
    {
      "name": "Get Balance",
      "request": {
        "method": "GET",
        "url": {
          "raw": "http://localhost:8080/employees/1/balance",
          "protocol": "http",
          "host": [
            "localhost"
          ],
          "port": "8080",
          "path": [
            "employees",
            "1",
            "balance"
          ]
        }
      }
    }
  ]
}